[
	{
		"id": 01,
		"name": "Lalu Prajapati",
		"sub": 	"MCA"
	},
	{
		"id" : 02,
		"name" : "Satyam Prajapati",
		"sub" : "B.Tech"
	},
	{
		"id" : 03,
		"name" : "Arun Verma",
		"sub" : "B.Tech"
	},
	{
		"id" : 04,
		"name" : "Raja Kumar",
		"sub" : "BBA"
	},
	{
		"id" : 05,
		"name" : "Sanjay Mishra",
		"sub" : "MCA"
	},
	{
		"id" : 06,
		"name" : "Anand Rahuja",
		"sub" : "MBA"
	},
	{
		"id" : 07,
		"name" : "Bijay Kumar",
		"sub" : "BBA"
	},
	{
		"id" : 08,
		"name" : "Sagar Gupta",
		"sub" : "BBA"
	},
	{
		"id" : 09,
		"name" : "Iqbal Khan",
		"sub" : "B.Com"
	},
	{
		"id" : 10,
		"name" : "Soib Alam",
		"sub" : "MBA"
	},
	{
		"id" : 11,
		"name" : "Aftab Alam",
		"sub" : "BSc"
	},
	{
		"id" : 12,
		"name" : "Rohan Choudhary",
		"sub" : "MCA"
	},
	{
		"id" : 13,
		"name" : "Nitish Srivastwa",
		"sub" : "B.Tech"
	},
	{
		"id" : 14,
		"name" : "Kiran Kumar",
		"sub" : "B.Tech"
	},
	{
		"id" : 15,
		"name" : "Abhishek Prajapati",
		"sub" : "B.Com"
	}
]